date,time,country,tbd1,tbd2,event,actual,previous,revised,consensus
2025-05-26,02:40 AM,US,,US,Fed Chair Powell Speech,,,,,,
2025-05-26,01:00 PM,JP,,JP,Coincident Index Final MAR,115.9,117.3,,116,,
2025-05-26,01:00 PM,JP,,JP,Leading Economic Index Final MAR,108.1,108.2,107.7,107.7,,
2025-05-26,01:00 PM,SG,,SG,Industrial Production MoM APR,5.3%,-2.7% ®,,2.0%,,
2025-05-26,01:00 PM,SG,,SG,Industrial Production YoY APR,5.9%,6.8% ®,,5.0%,,
2025-05-26,01:00 PM,KR,,KR,5-Year KTB Auction,2.480%,2.440%,,,,
2025-05-26,02:00 PM,SA,,SA,Balance of Trade MAR,SAR19.8B,SAR22.3B ®,,SAR 29B,,
2025-05-26,02:00 PM,SA,,SA,Exports MAR,SAR93.8B,SAR94.6B ®,,SAR 99.5B,,
2025-05-26,02:00 PM,SA,,SA,Imports MAR,SAR74.0B,SAR72.4B ®,,SAR 70.5B,,
2025-05-26,03:00 PM,ES,,ES,PPI YoY APR,1.9%,4.6% ®,,4.0%,,
2025-05-26,07:00 PM,BR,,BR,FGV Consumer Confidence MAY,86.7,84.8,,84.9,,
2025-05-26,07:30 PM,BR,,BR,Current Account APR,$-1.347B,$-2.25B,$-2B,$-2.3B,,
2025-05-26,07:30 PM,BR,,BR,Foreign Direct Investment APR,$5.491B,$5.99B,$4B,$5.0B,,
2025-05-26,08:30 PM,CA,,CA,Manufacturing Sales MoM Prel APR,-2.0%,-1.4%,,0.2%,,
2025-05-26,09:00 PM,FR,,FR,12-Month BTF Auction,1.913%,1.947%,,,,
2025-05-26,09:00 PM,FR,,FR,3-Month BTF Auction,1.999%,2.042%,,,,
2025-05-26,09:00 PM,FR,,FR,6-Month BTF Auction,1.982%,2.011%,,,,
2025-05-26,09:20 PM,EA,,EA,ECB President Lagarde Speech,,,,,,
2025-05-27,05:00 AM,KR,,KR,Consumer Confidence MAY,,93.8,,94,,
2025-05-27,09:30 AM,CN,,CN,Industrial Profits (YTD) YoY APR,,0.8%,,1.2%,,
2025-05-27,12:00 PM,EU,,EU,New Car Registrations YoY APR,,-0.2%,,-1%,,
2025-05-27,01:00 PM,SG,,SG,MAS 12-Week Bill Auction,,2.28%,,,,
2025-05-27,01:00 PM,SG,,SG,MAS 4-Week Bill Auction,,2.32%,,,,
2025-05-27,01:00 PM,KR,,KR,20-Year KTB Auction,,2.560%,,,,
2025-05-27,02:00 PM,DE,,DE,GfK Consumer Confidence JUN,,-20.6,-19,-19,,
2025-05-27,02:45 PM,FR,,FR,Inflation Rate YoY Prel MAY,,0.8%,0.9%,1.0%,,
2025-05-27,02:45 PM,FR,,FR,Inflation Rate MoM Prel MAY,,0.6%,0.1%,0.1%,,
2025-05-27,02:45 PM,FR,,FR,Harmonised Inflation Rate MoM Prel MAY,,0.7%,0.1%,0.2%,,
2025-05-27,02:45 PM,FR,,FR,Harmonised Inflation Rate YoY Prel MAY,,0.9%,0.9%,1.0%,,
2025-05-27,03:00 PM,ZA,,ZA,Leading Business Cycle Indicator MoM MAR,,-0.2%,,0.3%,,
2025-05-27,04:00 PM,GB,,GB,BoE Hauser Speech,,,,,,
2025-05-27,04:00 PM,US,,US,Fed Kashkari Speech,,,,,,
2025-05-27,05:00 PM,EA,,EA,Economic Sentiment MAY,,93.6,94,93,,
2025-05-27,05:00 PM,EA,,EA,Consumer Confidence Final MAY,,-16.6,-15.2,-15.2,,
2025-05-27,05:00 PM,EA,,EA,Consumer Inflation Expectations MAY,,29.6,,30.6,,
2025-05-27,05:00 PM,EA,,EA,Industrial Sentiment MAY,,-11.2,-11,-12,,
2025-05-27,05:00 PM,EA,,EA,Selling Price Expectations MAY,,11.0,,10.5,,
2025-05-27,05:00 PM,EA,,EA,Services Sentiment MAY,,1.4,0.9,1,,
2025-05-27,05:10 PM,IT,,IT,10-Year BTP€i Auction,,1.90%,,,,
2025-05-27,05:10 PM,IT,,IT,15-Year BTP€i Auction,,1.97%,,,,
2025-05-27,05:10 PM,IT,,IT,2-Year BTP Short Term Auction,,2%,,,,
2025-05-27,06:00 PM,FR,,FR,Unemployment Benefit Claims APR,,-28.5K,,-20.0K,,
2025-05-27,06:00 PM,FR,,FR,Jobseekers Total APR,,3189K,,3169K,,
2025-05-27,06:00 PM,GB,,GB,CBI Distributive Trades MAY,,-8,-14,6,,
2025-05-27,07:00 PM,ES,,ES,Business Confidence MAY,,-4.1,,-3.7,,
2025-05-27,08:00 PM,BR,,BR,IPCA mid-month CPI MoM MAY,,0.43%,0.44%,0.5%,,
2025-05-27,08:00 PM,BR,,BR,IPCA mid-month CPI YoY MAY,,5.49%,5.50%,5.6%,,
2025-05-27,08:30 PM,CA,,CA,Wholesale Sales MoM Prel APR,,0.2%,,0.1%,,
2025-05-27,08:30 PM,US,,US,Durable Goods Orders MoM APR,,7.5%,-7.9%,-6.8%,,
2025-05-27,08:30 PM,US,,US,Durable Goods Orders Ex Transp MoM APR,,-0.4%,-0.1%,-0.2%,,
2025-05-27,08:30 PM,US,,US,Durable Goods Orders ex Defense MoM APR,,8.9%,,-8.1%,,
2025-05-27,08:30 PM,US,,US,Non Defense Goods Orders Ex Air APR,,-0.2%,,0%,,
2025-05-27,09:00 PM,US,,US,S&P/Case-Shiller Home Price YoY MAR,,4.5%,4.5%,4.2%,,
2025-05-27,09:00 PM,US,,US,House Price Index MAR,,437.3,,438.1,,
2025-05-27,09:00 PM,US,,US,House Price Index MoM MAR,,0.1%,0.1%,0.2%,,
2025-05-27,09:00 PM,US,,US,House Price Index YoY MAR,,3.9%,,3.9%,,
2025-05-27,09:00 PM,US,,US,S&P/Case-Shiller Home Price MoM MAR,,0.7%,,0.5%,,
2025-05-27,10:00 PM,US,,US,CB Consumer Confidence MAY,,86.0,87.2,84,,
2025-05-27,10:30 PM,US,,US,Dallas Fed Manufacturing Index MAY,,-35.8,,-25,,
2025-05-27,11:30 PM,US,,US,3-Month Bill Auction,,4.285%,,,,
2025-05-27,11:30 PM,US,,US,6-Month Bill Auction,,4.140%,,,,
2025-05-28,01:00 AM,US,,US,2-Year Note Auction,,3.795%,,,,
2025-05-28,01:00 AM,US,,US,Money Supply APR,,$21.76T,,,,
2025-05-28,05:00 AM,KR,,KR,Business Confidence MAY,,68,,70,,
2025-05-28,08:00 AM,US,,US,Fed Williams Speech,,,,,,
2025-05-28,09:30 AM,AU,,AU,Construction Work Done QoQ Q1,,0.5%,0.4%,0.4%,,
2025-05-28,09:30 AM,AU,,AU,Monthly CPI Indicator APR,,2.4%,2.3%,2.1%,,
2025-05-28,11:35 AM,JP,,JP,40-Year JGB Auction,,2.710%,,,,
2025-05-28,01:00 PM,SG,,SG,5-Year Bond Auction,,2.61%,,,,
2025-05-28,02:00 PM,DE,,DE,Import Prices MoM APR,,-1%,-1.3%,-0.6%,,
2025-05-28,02:00 PM,DE,,DE,Import Prices YoY APR,,2.1%,,0.8%,,
2025-05-28,02:45 PM,FR,,FR,GDP Growth Rate QoQ Final Q1,,-0.1%,0.1%,0.1%,,
2025-05-28,02:45 PM,FR,,FR,GDP Growth Rate YoY Final Q1,,0.8%,0.8%,0.8%,,
2025-05-28,02:45 PM,FR,,FR,Household Consumption MoM APR,,-1%,0.8%,0.5%,,
2025-05-28,02:45 PM,FR,,FR,Non Farm Payrolls QoQ Q1,,-0.3%,,-0.1%,,
2025-05-28,02:45 PM,FR,,FR,PPI MoM APR,,-0.6%,,-0.3%,,
2025-05-28,02:45 PM,FR,,FR,PPI YoY APR,,-0.6%,,2.9%,,
2025-05-28,02:45 PM,FR,,FR,Private Non Farm Payrolls QoQ Final Q1,,-0.3%,0%,0.0%,,
2025-05-28,03:00 PM,TR,,TR,Economic Confidence Index MAY,,96.6,,97,,
2025-05-28,03:55 PM,DE,,DE,Unemployed Persons MAY,,2.922M,,2.932M,,
2025-05-28,03:55 PM,DE,,DE,Unemployment Change MAY,,4K,11K,10.0K,,
2025-05-28,03:55 PM,DE,,DE,Unemployment Rate MAY,,6.3%,6.3%,6.4%,,
2025-05-28,04:00 PM,EA,,EA,ECB Consumer Inflation Expectations APR,,2.9%,,3.0%,,
2025-05-28,04:00 PM,US,,US,Fed Kashkari Speech,,,,,,
2025-05-28,05:00 PM,GB,,GB,8-Year Green Gilt Auction,,,,,,
2025-05-28,05:10 PM,IT,,IT,6-Month BOT Auction,,2.069%,,,,
2025-05-28,05:30 PM,DE,,DE,15-Year Bund Auction,,2.83%,,,,
2025-05-28,06:30 PM,IN,,IN,Industrial Production YoY APR,,3%,2%,3.2%,,
2025-05-28,06:30 PM,IN,,IN,Manufacturing Production YoY APR,,3%,3%,3.1%,,
2025-05-28,07:00 PM,US,,US,MBA 30-Year Mortgage Rate MAY/23,,6.92%,,,,
2025-05-28,07:00 PM,US,,US,MBA Mortgage Applications MAY/23,,-5.1%,,,,
2025-05-28,07:00 PM,US,,US,MBA Mortgage Market Index MAY/23,,238.5,,,,
2025-05-28,07:00 PM,US,,US,MBA Mortgage Refinance Index MAY/23,,682.5,,,,
2025-05-28,07:00 PM,US,,US,MBA Purchase Index MAY/23,,157.8,,,,
2025-05-28,07:30 PM,IN,,IN,M3 Money Supply YoY MAY/16,,9.5%,,,,
2025-05-28,08:55 PM,US,,US,Redbook YoY MAY/24,,5.4%,,,,
2025-05-28,10:00 PM,US,,US,Richmond Fed Manufacturing Index MAY,,-13,-9,-11,,
2025-05-28,10:00 PM,US,,US,Richmond Fed Manufacturing Shipments Index MAY,,-17,,-11,,
2025-05-28,10:00 PM,US,,US,Richmond Fed Services Revenues Index MAY,,-7,,-5,,
2025-05-28,10:30 PM,US,,US,Dallas Fed Services Index MAY,,-19.4,,-10,,
2025-05-28,10:30 PM,US,,US,Dallas Fed Services Revenues Index MAY,,3.8,,5,,
2025-05-28,11:00 PM,GB,,GB,BoE Pill Speech,,,,,,
2025-05-28,11:30 PM,US,,US,17-Week Bill Auction,,4.230%,,,,
2025-05-28,11:30 PM,US,,US,2-Year FRN Auction,,0.160%,,,,
2025-05-29,12:00 AM,CA,,CA,10-Year Bond Auction,,3.164%,,,,
2025-05-29,12:00 AM,RU,,RU,Industrial Production YoY APR,,0.8%,1.1%,1.2%,,
2025-05-29,12:00 AM,RU,,RU,PPI MoM APR,,-1.5%,,1.1%,,
2025-05-29,12:00 AM,RU,,RU,PPI YoY APR,,5.9%,,5.3%,,
2025-05-29,01:00 AM,US,,US,5-Year Note Auction,,3.995%,,,,
2025-05-29,02:00 AM,US,,US,FOMC Minutes,,,,,,
2025-05-29,04:30 AM,US,,US,API Crude Oil Stock Change MAY/23,,2.499M,,,,
2025-05-29,07:50 AM,JP,,JP,Foreign Bond Investment MAY/24,,¥2824.6B,,,,
2025-05-29,07:50 AM,JP,,JP,Stock Investment by Foreigners MAY/24,,¥714.9B,,,,
2025-05-29,09:00 AM,KR,,KR,Interest Rate Decision,,2.75%,2.5%,2.5%,,
2025-05-29,09:30 AM,AU,,AU,Building Capital Expenditure QoQ Q1,,0.2%,,0.3%,,
2025-05-29,09:30 AM,AU,,AU,Plant Machinery Capital Expenditure QoQ Q1,,-0.8%,,0.4%,,
2025-05-29,09:30 AM,AU,,AU,Private Capital Expenditure QoQ Q1,,-0.2%,0.5%,0.5%,,
2025-05-29,01:00 PM,JP,,JP,Consumer Confidence MAY,,31.2,31.8,32.8,,
2025-05-29,01:00 PM,SG,,SG,Export Prices YoY APR,,-5.1%,,-3%,,
2025-05-29,01:00 PM,SG,,SG,Import Prices YoY APR,,-4.0%,,-2.5%,,
2025-05-29,01:00 PM,SG,,SG,PPI YoY APR,,3.9%,,2.0%,,
2025-05-29,03:00 PM,ES,,ES,Retail Sales MoM APR,,-0.2%,,0.5%,,
2025-05-29,03:00 PM,ES,,ES,Retail Sales YoY APR,,3.6%,,3.6%,,
2025-05-29,03:00 PM,TR,,TR,Balance of Trade Final APR,,$-7.2B,,$-12.04B,,
2025-05-29,03:00 PM,TR,,TR,Exports Final APR,,$23.4B,$20.9B,$20.9B,,
2025-05-29,03:00 PM,TR,,TR,Imports Final APR,,$30.61B,,$32.96B,,
2025-05-29,04:00 PM,IT,,IT,Business Confidence MAY,,85.7,86.2,86,,
2025-05-29,04:00 PM,IT,,IT,Consumer Confidence MAY,,92.7,,93,,
2025-05-29,05:10 PM,IT,,IT,BTP Auction,,,,,,
2025-05-29,05:30 PM,ZA,,ZA,PPI MoM APR,,0.6%,,0.4%,,
2025-05-29,05:30 PM,ZA,,ZA,PPI YoY APR,,0.5%,,0.7%,,
2025-05-29,06:00 PM,IT,,IT,Industrial Sales MoM MAR,,-0.4%,,0.5%,,
2025-05-29,06:00 PM,IT,,IT,Industrial Sales YoY MAR,,-1.5%,,-0.7%,,
2025-05-29,07:00 PM,BR,,BR,IGP-M Inflation MoM MAY,,0.24%,,0.3%,,
2025-05-29,07:30 PM,BR,,BR,Bank Lending MoM APR,,0.6%,,0.3%,,
2025-05-29,07:30 PM,TR,,TR,Foreign Exchange Reserves MAY/23,,$65.4B,,,,
2025-05-29,08:00 PM,BR,,BR,Unemployment Rate APR,,7%,6.9%,7%,,
2025-05-29,08:30 PM,CA,,CA,Current Account Q1,,C$-5B,C$-3.1B,C$ -3.3B,,
2025-05-29,08:30 PM,CA,,CA,Average Weekly Earnings YoY MAR,,5.4%,,5.3%,,
2025-05-29,08:30 PM,US,,US,GDP Growth Rate QoQ 2nd Est Q1,,2.4%,-0.3%,-0.3%,,
2025-05-29,08:30 PM,US,,US,Corporate Profits QoQ Prel Q1,,5.9%,5.9%,5.2%,,
2025-05-29,08:30 PM,US,,US,Fed Barkin Speech,,,,,,
2025-05-29,08:30 PM,US,,US,GDP Price Index QoQ 2nd Est Q1,,2.3%,3.7%,3.7%,,
2025-05-29,08:30 PM,US,,US,Initial Jobless Claims MAY/24,,227K,230K,230K,,
2025-05-29,08:30 PM,US,,US,Continuing Jobless Claims MAY/17,,1903K,1900K,1907K,,
2025-05-29,08:30 PM,US,,US,Core PCE Prices QoQ 2nd Est Q1,,2.6%,3.6%,3.5%,,
2025-05-29,08:30 PM,US,,US,GDP Sales QoQ 2nd Est Q1,,3.3%,-2.5%,-2.5%,,
2025-05-29,08:30 PM,US,,US,Jobless Claims 4-week Average MAY/24,,231.5K,,233K,,
2025-05-29,08:30 PM,US,,US,PCE Prices QoQ 2nd Est Q1,,2.4%,3.6%,3.6%,,
2025-05-29,08:30 PM,US,,US,Real Consumer Spending QoQ 2nd Est Q1,,4%,1.8%,1.8%,,
2025-05-29,09:00 PM,ZA,,ZA,Interest Rate Decision,,7.5%,7.25%,7.25%,,
2025-05-29,09:00 PM,ZA,,ZA,Prime Overdraft Rate,,11%,,10.75%,,
2025-05-29,10:00 PM,US,,US,Pending Home Sales MoM APR,,6.1%,-1%,-1.5%,,
2025-05-29,10:00 PM,US,,US,Pending Home Sales YoY APR,,-0.6%,,1.9%,,
2025-05-29,10:30 PM,US,,US,EIA Natural Gas Stocks Change MAY/23,,120Bcf,,,,
2025-05-29,10:40 PM,US,,US,Fed Goolsbee Speech,,,,,,
2025-05-29,11:00 PM,MX,,MX,Monetary Policy Meeting Minutes,,,,,,
2025-05-29,11:30 PM,US,,US,4-Week Bill Auction,,4.220%,,,,
2025-05-29,11:30 PM,US,,US,8-Week Bill Auction,,4.235%,,,,
2025-05-30,12:00 AM,US,,US,EIA Crude Oil Stocks Change MAY/23,,1.328M,,,,
2025-05-30,12:00 AM,US,,US,EIA Gasoline Stocks Change MAY/23,,0.816M,,,,
2025-05-30,12:00 AM,US,,US,15-Year Mortgage Rate MAY/29,,6.01%,,,,
2025-05-30,12:00 AM,US,,US,30-Year Mortgage Rate MAY/29,,6.86%,,,,
2025-05-30,12:00 AM,US,,US,EIA Crude Oil Imports Change MAY/23,,0.11M,,,,
2025-05-30,12:00 AM,US,,US,EIA Cushing Crude Oil Stocks Change MAY/23,,-0.457M,,,,
2025-05-30,12:00 AM,US,,US,EIA Distillate Fuel Production Change MAY/23,,0.131M,,,,
2025-05-30,12:00 AM,US,,US,EIA Distillate Stocks Change MAY/23,,0.579M,,,,
2025-05-30,12:00 AM,US,,US,EIA Gasoline Production Change MAY/23,,0.178M,,,,
2025-05-30,12:00 AM,US,,US,EIA Heating Oil Stocks Change MAY/23,,-0.348M,,,,
2025-05-30,12:00 AM,US,,US,EIA Refinery Crude Runs Change MAY/23,,0.089M,,,,
2025-05-30,01:00 AM,US,,US,7-Year Note Auction,,4.123%,,,,
2025-05-30,02:00 AM,US,,US,Fed Kugler Speech,,,,,,
2025-05-30,04:00 AM,US,,US,Fed Daly Speech,,,,,,
2025-05-30,04:30 AM,US,,US,Fed Balance Sheet MAY/28,,$6.69T,,,,
2025-05-30,07:00 AM,KR,,KR,Industrial Production MoM APR,,2.9%,,0.6%,,
2025-05-30,07:00 AM,KR,,KR,Industrial Production YoY APR,,5.3%,4%,6.0%,,
2025-05-30,07:00 AM,KR,,KR,Retail Sales MoM APR,,-0.3%,,1.0%,,
2025-05-30,07:01 AM,GB,,GB,Car Production YoY APR,,17.1%,,13.0%,,
2025-05-30,07:30 AM,JP,,JP,Unemployment Rate APR,,2.5%,2.5%,2.5%,,
2025-05-30,07:30 AM,JP,,JP,Jobs/applications ratio APR,,1.26,1.26,1.25,,
2025-05-30,07:30 AM,JP,,JP,Tokyo Core CPI YoY MAY,,3.4%,3.5%,3.3%,,
2025-05-30,07:30 AM,JP,,JP,Tokyo CPI Ex Food and Energy YoY MAY,,2%,,2.1%,,
2025-05-30,07:30 AM,JP,,JP,Tokyo CPI YoY MAY,,3.5%,,3.6%,,
2025-05-30,07:50 AM,JP,,JP,Industrial Production MoM Prel APR,,0.2%,-1.4%,-0.7%,,
2025-05-30,07:50 AM,JP,,JP,Retail Sales YoY APR,,3.1%,3.1%,0.7%,,
2025-05-30,07:50 AM,JP,,JP,Industrial Production YoY Prel APR,,1.0%,,0.5%,,
2025-05-30,07:50 AM,JP,,JP,Retail Sales MoM APR,,-1.2%,,-0.3%,,
2025-05-30,08:00 AM,US,,US,Fed Logan Speech,,,,,,
2025-05-30,09:30 AM,AU,,AU,Building Permits MoM Prel APR,,-8.8%,3.1%,4.5%,,
2025-05-30,09:30 AM,AU,,AU,Retail Sales MoM APR,,0.3%,0.3%,0.2%,,
2025-05-30,09:30 AM,AU,,AU,Housing Credit MoM APR,,0.5%,,0.4%,,
2025-05-30,09:30 AM,AU,,AU,Private House Approvals MoM Prel APR,,-4.5%,,3.0%,,
2025-05-30,09:30 AM,AU,,AU,Private Sector Credit MoM APR,,0.5%,0.5%,0.5%,,
2025-05-30,09:30 AM,AU,,AU,Private Sector Credit YoY APR,,6.5%,,6.5%,,
2025-05-30,10:00 AM,SG,,SG,Bank Lending APR,,S$846.5B,,S$850.0B,,
2025-05-30,11:35 AM,JP,,JP,2-Year JGB Auction,,0.691%,,,,
2025-05-30,11:35 AM,JP,,JP,3-Month Bill Auction,,0.3818%,,,,
2025-05-30,01:00 PM,JP,,JP,Housing Starts YoY APR,,39.1%,-18.3%,-15.5%,,
2025-05-30,01:00 PM,JP,,JP,Construction Orders YoY APR,,3.5%,,5.0%,,
2025-05-30,02:00 PM,DE,,DE,Retail Sales MoM APR,,-0.2%,0.2%,0.6%,,
2025-05-30,02:00 PM,DE,,DE,Retail Sales YoY APR,,2.2%,,2.4%,,
2025-05-30,02:00 PM,ZA,,ZA,M3 Money Supply YoY APR,,5.75%,,,,
2025-05-30,02:00 PM,ZA,,ZA,Private Sector Credit YoY APR,,3.45%,,3.25%,,
2025-05-30,03:00 PM,ES,,ES,Inflation Rate MoM Prel MAY,,0.6%,,0.2%,,
2025-05-30,03:00 PM,ES,,ES,Inflation Rate YoY Prel MAY,,2.2%,2%,2.1%,,
2025-05-30,03:00 PM,ES,,ES,Core Inflation Rate YoY Prel MAY,,2.4%,,2.4%,,
2025-05-30,03:00 PM,ES,,ES,Harmonised Inflation Rate MoM Prel MAY,,0.6%,,0.2%,,
2025-05-30,03:00 PM,ES,,ES,Harmonised Inflation Rate YoY Prel MAY,,2.2%,2%,2.2%,,
2025-05-30,03:00 PM,TR,,TR,GDP Growth Rate QoQ Q1,,1.7%,,0.9%,,
2025-05-30,03:00 PM,TR,,TR,GDP Growth Rate YoY Q1,,3%,,2.2%,,
2025-05-30,03:00 PM,TR,,TR,Unemployment Rate APR,,7.9%,,8.0%,,
2025-05-30,03:00 PM,TR,,TR,Participation Rate APR,,53.4%,,53.5%,,
2025-05-30,04:00 PM,EA,,EA,Loans to Companies YoY APR,,2.3%,,2.4%,,
2025-05-30,04:00 PM,EA,,EA,Loans to Households YoY APR,,1.7%,1.8%,1.8%,,
2025-05-30,04:00 PM,EA,,EA,M3 Money Supply YoY APR,,3.6%,3.7%,3.4%,,
2025-05-30,04:00 PM,DE,,DE,Baden Wuerttemberg CPI MoM MAY,,0.5%,,,,
2025-05-30,04:00 PM,DE,,DE,Baden Wuerttemberg CPI YoY MAY,,2.4%,,,,
2025-05-30,04:00 PM,DE,,DE,Bavaria CPI MoM MAY,,0.4%,,,,
2025-05-30,04:00 PM,DE,,DE,Bavaria CPI YoY MAY,,2.1%,,,,
2025-05-30,04:00 PM,DE,,DE,Brandenburg CPI MoM MAY,,0.4%,,,,
2025-05-30,04:00 PM,DE,,DE,Brandenburg CPI YoY MAY,,2.2%,,,,
2025-05-30,04:00 PM,DE,,DE,Hesse CPI MoM MAY,,0.5%,,,,
2025-05-30,04:00 PM,DE,,DE,Hesse CPI YoY MAY,,2.3%,,,,
2025-05-30,04:00 PM,DE,,DE,North Rhine Westphalia CPI MoM MAY,,1.8%,,,,
2025-05-30,04:00 PM,DE,,DE,North Rhine Westphalia CPI YoY MAY,,1.8%,,,,
2025-05-30,04:00 PM,DE,,DE,Saxony CPI MoM MAY,,0.5%,,,,
2025-05-30,04:00 PM,DE,,DE,Saxony CPI YoY MAY,,2.4%,,,,
2025-05-30,04:00 PM,IT,,IT,GDP Growth Rate QoQ Final Q1,,0.2%,0.3%,0.3%,,
2025-05-30,04:00 PM,IT,,IT,GDP Growth Rate YoY Final Q1,,0.5%,0.6%,0.6%,,
2025-05-30,04:00 PM,ES,,ES,Current Account MAR,,€2.31B,,€4.9B,,
2025-05-30,05:00 PM,IT,,IT,Inflation Rate YoY Prel MAY,,1.9%,,1.9%,,
2025-05-30,05:00 PM,IT,,IT,Inflation Rate MoM Prel MAY,,0.1%,0.1%,0.1%,,
2025-05-30,05:00 PM,IT,,IT,Harmonised Inflation Rate MoM Prel MAY,,0.4%,0%,0.1%,,
2025-05-30,05:00 PM,IT,,IT,Harmonised Inflation Rate YoY Prel MAY,,2%,1.9%,2%,,
2025-05-30,06:00 PM,IT,,IT,PPI MoM APR,,-2.4%,,-1.0%,,
2025-05-30,06:00 PM,IT,,IT,PPI YoY APR,,3.9%,,3.8%,,
2025-05-30,06:30 PM,IN,,IN,GDP Growth Rate YoY Q1,,6.2%,6.7%,6.0%,,
2025-05-30,06:30 PM,IN,,IN,Government Budget Value MAR,,INR-13468.5B,,INR -13900.0B,,
2025-05-30,06:30 PM,IN,,IN,Government Budget Value APR,,,,INR -1900.0B,,
2025-05-30,07:00 PM,TR,,TR,Financial Stability Report,,,,,,
2025-05-30,07:30 PM,BR,,BR,Gross Debt to GDP APR,,75.9%,76.2%,75.8%,,
2025-05-30,07:30 PM,BR,,BR,Nominal Budget Balance APR,,BRL-71.621B,BRL -56.1B,BRL -63.0B,,
2025-05-30,07:30 PM,IN,,IN,Foreign Exchange Reserves MAY/23,,,,,,
2025-05-30,08:00 PM,BR,,BR,GDP Growth Rate QoQ Q1,,0.2%,1.4%,1.2%,,
2025-05-30,08:00 PM,BR,,BR,GDP Growth Rate YoY Q1,,3.6%,3.2%,3%,,
2025-05-30,08:00 PM,DE,,DE,Inflation Rate YoY Prel MAY,,2.1%,2.1%,2.0%,,
2025-05-30,08:00 PM,DE,,DE,Inflation Rate MoM Prel MAY,,0.4%,0.1%,0.0%,,
2025-05-30,08:00 PM,DE,,DE,Harmonised Inflation Rate MoM Prel MAY,,0.5%,0.1%,0.1%,,
2025-05-30,08:00 PM,DE,,DE,Harmonised Inflation Rate YoY Prel MAY,,2.2%,2%,2.1%,,
2025-05-30,08:00 PM,MX,,MX,Unemployment Rate APR,,2.2%,,2.2%,,
2025-05-30,08:00 PM,ZA,,ZA,Balance of Trade APR,,ZAR24.77B,,ZAR 30.0B,,
2025-05-30,08:30 PM,CA,,CA,GDP Growth Rate Annualized Q1,,2.6%,1.6%,1.3%,,
2025-05-30,08:30 PM,CA,,CA,GDP Growth Rate QoQ Q1,,0.6%,,0.3%,,
2025-05-30,08:30 PM,CA,,CA,GDP MoM MAR,,-0.2%,0.1%,0.1%,,
2025-05-30,08:30 PM,CA,,CA,GDP MoM Prel APR,,0.1%,,-0.3%,,
2025-05-30,08:30 PM,CA,,CA,GDP Implicit Price QoQ Q1,,0.9%,,0.6%,,
2025-05-30,08:30 PM,US,,US,Core PCE Price Index MoM APR,,0.0%,0.1%,0.2%,,
2025-05-30,08:30 PM,US,,US,Personal Income MoM APR,,0.5%,0.3%,0.4%,,
2025-05-30,08:30 PM,US,,US,Personal Spending MoM APR,,0.7%,0.2%,0.1%,,
2025-05-30,08:30 PM,US,,US,Goods Trade Balance Adv APR,,$-161.99B,$-140B,$-149.0B,,
2025-05-30,08:30 PM,US,,US,PCE Price Index MoM APR,,0%,0.1%,0.2%,,
2025-05-30,08:30 PM,US,,US,PCE Price Index YoY APR,,2.3%,2.2%,2.2%,,
2025-05-30,08:30 PM,US,,US,Retail Inventories Ex Autos MoM Adv APR,,0.4%,,0.1%,,
2025-05-30,08:30 PM,US,,US,Wholesale Inventories MoM Adv APR,,0.4%,0.4%,0%,,
2025-05-30,08:30 PM,US,,US,Core PCE Price Index YoY APR,,2.6%,2.6%,2.6%,,
2025-05-30,09:45 PM,US,,US,Chicago PMI MAY,,44.6,45,47,,
2025-05-30,10:00 PM,US,,US,Michigan Consumer Sentiment Final MAY,,52.2,51,50.8,,
2025-05-30,10:00 PM,US,,US,Michigan 5 Year Inflation Expectations Final MAY,,4.4%,4.6%,4.6%,,
2025-05-30,10:00 PM,US,,US,Michigan Consumer Expectations Final MAY,,47.3,46.5,46.5,,
2025-05-30,10:00 PM,US,,US,Michigan Current Conditions Final MAY,,59.8,57.6,57.6,,
2025-05-30,10:00 PM,US,,US,Michigan Inflation Expectations Final MAY,,6.5%,7.3%,7.3%,,
2025-05-30,11:00 PM,CA,,CA,Budget Balance MAR,,C$7.57B,,C$3.0B,,
2025-05-31,12:20 AM,US,,US,Fed Bostic Speech,,,,,,
2025-05-31,01:00 AM,US,,US,Baker Hughes Oil Rig Count MAY/30,,465,,,,
2025-05-31,01:00 AM,US,,US,Baker Hughes Total Rigs Count MAY/30,,566,,,,
2025-05-31,07:30 AM,US,,US,Fed Goolsbee Speech,,,,,,
2025-05-31,09:30 AM,CN,,CN,NBS Manufacturing PMI MAY,,49.0,49.5,48.6,,
2025-05-31,09:30 AM,CN,,CN,NBS Non Manufacturing PMI MAY,,50.4,50.6,50.4,,
2025-05-31,09:30 AM,CN,,CN,NBS General PMI MAY,,50.2,,50.4,,
2025-06-01,08:00 AM,KR,,KR,Exports YoY MAY,,3.7%,,0.9%,,
2025-06-01,08:00 AM,KR,,KR,Balance of Trade MAY,,$4.88B,,$5.1B,,
2025-06-01,08:00 AM,KR,,KR,Imports YoY MAY,,-2.7%,,-2.0%,,
2025-06-02,07:00 AM,AU,,AU,S&P Global Manufacturing PMI Final MAY,,51.7,51.7,51.7,,
2025-06-02,07:50 AM,JP,,JP,Capital Spending YoY Q1,,-0.2%,,1.9%,,
2025-06-02,08:30 AM,ID,,ID,S&P Global Manufacturing PMI MAY,,46.7,,48.3,,
2025-06-02,08:30 AM,JP,,JP,Jibun Bank Manufacturing PMI Final MAY,,48.7,49.0,49.0,,
2025-06-02,08:30 AM,KR,,KR,S&P Global Manufacturing PMI MAY,,47.5,,48.4,,
2025-06-02,09:30 AM,AU,,AU,ANZ-Indeed Job Ads MoM MAY,,0.5%,,0.4%,,
2025-06-02,12:00 PM,ID,,ID,Balance of Trade APR,,$4.33B,$2.5B,$3.1B,,
2025-06-02,12:00 PM,ID,,ID,Inflation Rate YoY MAY,,1.95%,,1.9%,,
2025-06-02,12:00 PM,ID,,ID,Core Inflation Rate YoY MAY,,2.5%,,2.4%,,
2025-06-02,12:00 PM,ID,,ID,Exports YoY APR,,3.16%,5.75%,4.2%,,
2025-06-02,12:00 PM,ID,,ID,Imports YoY APR,,5.34%,6.79%,5.2%,,
2025-06-02,12:00 PM,ID,,ID,Inflation Rate MoM MAY,,1.17%,,0.0%,,
2025-06-02,12:00 PM,ID,,ID,Tourist Arrivals YoY APR,,-2.18%,,,,
2025-06-02,01:00 PM,IN,,IN,HSBC Manufacturing PMI Final MAY,,58.2,58.3,58.3,,
2025-06-02,01:00 PM,KR,,KR,2-Year KTB Auction,,2.350%,,,,
2025-06-02,02:00 PM,RU,,RU,S&P Global Manufacturing PMI MAY,,49.3,,,,
2025-06-02,02:30 PM,AU,,AU,Commodity Prices YoY MAY,,-6.1%,,-6.7%,,
2025-06-02,03:00 PM,ES,,ES,Tourist Arrivals YoY APR,,3.8%,,7.5%,,
2025-06-02,03:00 PM,TR,,TR,Istanbul Chamber of Industry Manufacturing PMI MAY,,47.3,,,,
2025-06-02,03:15 PM,ES,,ES,HCOB Manufacturing PMI MAY,,48.1,,49.5,,
2025-06-02,03:45 PM,IT,,IT,HCOB Manufacturing PMI MAY,,49.3,,,,
2025-06-02,03:50 PM,FR,,FR,HCOB Manufacturing PMI Final MAY,,48.7,49.5,49.5,,
2025-06-02,03:55 PM,DE,,DE,HCOB Manufacturing PMI Final MAY,,48.4,48.8,48.8,,
2025-06-02,04:00 PM,EA,,EA,HCOB Manufacturing PMI Final MAY,,49,49.4,49.4,,
2025-06-02,04:30 PM,GB,,GB,BoE Consumer Credit APR,,£0.875B,,,,
2025-06-02,04:30 PM,GB,,GB,Mortgage Approvals APR,,64.31K,,,,
2025-06-02,04:30 PM,GB,,GB,Mortgage Lending APR,,£12.96B,,,,
2025-06-02,04:30 PM,GB,,GB,M4 Money Supply MoM APR,,0.3%,,0.3%,,
2025-06-02,04:30 PM,GB,,GB,Net Lending to Individuals MoM APR,,£13.8B,,,,
2025-06-02,04:30 PM,GB,,GB,S&P Global Manufacturing PMI Final MAY,,45.4,45.1,45.1,,
2025-06-02,05:00 PM,ZA,,ZA,ABSA Manufacturing PMI MAY,,,,,,
2025-06-02,06:45 PM,EU,,EU,EU Bond Auction,,,,,,
2025-06-02,07:00 PM,MX,,MX,Foreign Exchange Reserves MAY,,$239.3B,,$241.0B,,
2025-06-02,08:00 PM,MX,,MX,Business Confidence MAY,,48.5,,48.9,,
2025-06-02,09:00 PM,BR,,BR,S&P Global Manufacturing PMI MAY,,50.3,,50.7,,
2025-06-02,09:00 PM,FR,,FR,12-Month BTF Auction,,1.913%,,,,
2025-06-02,09:00 PM,FR,,FR,3-Month BTF Auction,,1.999%,,,,
2025-06-02,09:00 PM,FR,,FR,6-Month BTF Auction,,1.982%,,,,
2025-06-02,09:00 PM,SG,,SG,SIPMM Manufacturing PMI MAY,,49.6,,50.5,,
2025-06-02,09:30 PM,CA,,CA,S&P Global Manufacturing PMI MAY,,45.3,,45.8,,
2025-06-02,09:45 PM,US,,US,S&P Global Manufacturing PMI Final MAY,,50.2,52.3,52.3,,
2025-06-02,10:00 PM,US,,US,ISM Manufacturing PMI MAY,,48.7,,49.6,,
2025-06-02,10:00 PM,US,,US,ISM Manufacturing Employment MAY,,46.5,,47.3,,
2025-06-02,10:00 PM,US,,US,Construction Spending MoM APR,,-0.5%,,0.1%,,
2025-06-02,10:00 PM,US,,US,ISM Manufacturing New Orders MAY,,47.2,,49,,
2025-06-02,10:00 PM,US,,US,ISM Manufacturing Prices MAY,,69.8,,74,,
2025-06-02,11:00 PM,MX,,MX,S&P Global Manufacturing PMI MAY,,44.8,,45,,
2025-06-02,11:30 PM,US,,US,3-Month Bill Auction,,,,,,
2025-06-02,11:30 PM,US,,US,6-Month Bill Auction,,,,,,
2025-06-03,12:45 AM,US,,US,Fed Goolsbee Speech,,,,,,
2025-06-03,07:00 AM,KR,,KR,Inflation Rate YoY MAY,,2.1%,,2.1%,,
2025-06-03,07:00 AM,KR,,KR,Inflation Rate MoM MAY,,0.1%,,0.1%,,
2025-06-03,09:30 AM,AU,,AU,RBA Meeting Minutes,,,,,,
2025-06-03,09:30 AM,AU,,AU,Company Gross Profits QoQ Q1,,5.9%,,139830%,,
2025-06-03,09:30 AM,AU,,AU,Business Inventories QoQ Q1,,0.1%,,0.7%,,
2025-06-03,09:30 AM,AU,,AU,Current Account Q1,,A$-12.5B,,A$-7.6B,,
2025-06-03,09:30 AM,AU,,AU,Net Exports Contribution to GDP Q1,,0.2%,,0.3%,,
2025-06-03,09:30 AM,AU,,AU,TD-MI Inflation Gauge MoM MAY,,0.6%,,0.5%,,
2025-06-03,09:45 AM,CN,,CN,Caixin Manufacturing PMI MAY,,50.4,,49.5,,
2025-06-03,11:35 AM,JP,,JP,10-Year JGB Auction,,1.274%,,,,
2025-06-03,01:00 PM,SG,,SG,MAS 12-Week Bill Auction,,,,,,
2025-06-03,01:00 PM,SG,,SG,MAS 4-Week Bill Auction,,,,,,
2025-06-03,01:00 PM,KR,,KR,30-Year KTB Auction,,2.485%,,,,
2025-06-03,02:45 PM,FR,,FR,Budget Balance APR,,€-47B,,€-89.0B,,
2025-06-03,03:00 PM,ES,,ES,Unemployment Change MAY,,-67.4K,,-70.0K,,
2025-06-03,03:00 PM,TR,,TR,Inflation Rate MoM MAY,,3%,,,,
2025-06-03,03:00 PM,TR,,TR,Inflation Rate YoY MAY,,37.86%,,,,
2025-06-03,03:00 PM,TR,,TR,PPI MoM MAY,,2.76%,,,,
2025-06-03,03:00 PM,TR,,TR,PPI YoY MAY,,22.5%,,,,
2025-06-03,04:00 PM,BR,,BR,IPC-Fipe Inflation MoM MAY,,0.45%,,0.4%,,
2025-06-03,04:00 PM,IT,,IT,Unemployment Rate APR,,6%,,,,
2025-06-03,04:40 PM,ES,,ES,12-Month Letras Auction,,1.886%,,,,
2025-06-03,04:40 PM,ES,,ES,6-Month Letras Auction,,1.937%,,,,
2025-06-03,05:00 PM,EA,,EA,Inflation Rate YoY Flash MAY,,2.2%,,2.1%,,
2025-06-03,05:00 PM,EA,,EA,Core Inflation Rate YoY Flash MAY,,,,,,
2025-06-03,05:00 PM,EA,,EA,Inflation Rate MoM Flash MAY,,,,,,
2025-06-03,05:00 PM,EA,,EA,Unemployment Rate APR,,6.2%,,,,
2025-06-03,05:00 PM,EA,,EA,CPI Flash MAY,,128.77,,,,
2025-06-03,05:30 PM,DE,,DE,2-Year Schatz Auction,,1.94%,,,,
2025-06-03,05:30 PM,ZA,,ZA,GDP Growth Rate QoQ Q1,,0.6%,,-0.5%,,
2025-06-03,05:30 PM,ZA,,ZA,GDP Growth Rate YoY Q1,,0.9%,,0.3%,,
2025-06-03,08:00 PM,BR,,BR,Industrial Production MoM APR,,1.2%,,-0.7%,,
2025-06-03,08:00 PM,BR,,BR,Industrial Production YoY APR,,3.1%,,1.%,,
2025-06-03,08:55 PM,US,,US,Redbook YoY MAY/31,,,,,,
2025-06-03,10:00 PM,US,,US,JOLTs Job Openings APR,,7.192M,,7.05M,,
2025-06-03,10:00 PM,US,,US,Factory Orders MoM APR,,3.4%,,,,
2025-06-03,10:00 PM,US,,US,Factory Orders ex Transportation APR,,-0.4%,,,,
2025-06-03,10:00 PM,US,,US,JOLTs Job Quits APR,,3.332M,,3.3M,,
2025-06-03,10:10 PM,US,,US,RCM/TIPP Economic Optimism Index JUN,,47.9,,48.3,,
2025-06-04,12:45 AM,US,,US,Fed Goolsbee Speech,,,,,,
2025-06-04,04:30 AM,US,,US,API Crude Oil Stock Change MAY/30,,,,,,
2025-06-04,05:00 AM,KR,,KR,Foreign Exchange Reserves MAY,,,,,,
2025-06-04,07:00 AM,AU,,AU,Ai Group Industry Index MAY,,-15,,-10,,
2025-06-04,07:00 AM,AU,,AU,Ai Group Construction Index MAY,,-7.9,,-6,,
2025-06-04,07:00 AM,AU,,AU,Ai Group Manufacturing Index MAY,,-26.5,,-24.2,,
2025-06-04,07:00 AM,AU,,AU,S&P Global Composite PMI Final MAY,,51.0,,50.6,,
2025-06-04,07:00 AM,AU,,AU,S&P Global Services PMI Final MAY,,51.0,50.5,50.5,,
2025-06-04,07:00 AM,KR,,KR,GDP Growth Rate QoQ Final Q1,,0.1%,,0.6%,,
2025-06-04,07:00 AM,KR,,KR,GDP Growth Rate YoY Final Q1,,1.2%,,0.8%,,
2025-06-04,08:00 AM,AR,,AR,Tax Revenue MAY,,ARS13681B,,,,
2025-06-04,08:30 AM,JP,,JP,Jibun Bank Composite PMI Final MAY,,51.2,,49.8,,
2025-06-04,08:30 AM,JP,,JP,Jibun Bank Services PMI Final MAY,,52.4,50.8,50.8,,
2025-06-04,08:30 AM,SG,,SG,S&P Global PMI MAY,,52.8,,52,,
2025-06-04,09:30 AM,AU,,AU,GDP Growth Rate QoQ Q1,,0.6%,,0.5%,,
2025-06-04,09:30 AM,AU,,AU,GDP Growth Rate YoY Q1,,1.3%,,1.7%,,
2025-06-04,09:30 AM,AU,,AU,GDP Capital Expenditure QoQ Q1,,0.7%,,,,
2025-06-04,09:30 AM,AU,,AU,GDP Chain Price Index QoQ Q1,,1.4%,,,,
2025-06-04,09:30 AM,AU,,AU,GDP Final Consumption QoQ Q1,,0.5%,,,,
2025-06-04,12:15 PM,SA,,SA,Riyad Bank PMI MAY,,55.6,,56.3,,
2025-06-04,01:00 PM,IN,,IN,HSBC Composite PMI Final MAY,,59.7,,61.2,,
2025-06-04,01:00 PM,IN,,IN,HSBC Services PMI Final MAY,,58.7,61.2,61.2,,
2025-06-04,02:00 PM,RU,,RU,S&P Global Composite PMI MAY,,49.8,,,,
2025-06-04,02:00 PM,RU,,RU,S&P Global Services PMI MAY,,50.1,,,,
2025-06-04,03:00 PM,ES,,ES,Industrial Production YoY APR,,1%,,2.5%,,
2025-06-04,03:15 PM,ZA,,ZA,S&P Global PMI MAY,,50.0,,,,
2025-06-04,03:15 PM,ES,,ES,HCOB Services PMI MAY,,53.4,,53.6,,
2025-06-04,03:15 PM,ES,,ES,HCOB Composite PMI MAY,,52.5,,52.8,,
2025-06-04,03:45 PM,IT,,IT,HCOB Services PMI MAY,,52.9,,,,
2025-06-04,03:45 PM,IT,,IT,HCOB Composite PMI MAY,,52.1,,,,
2025-06-04,03:50 PM,FR,,FR,HCOB Composite PMI Final MAY,,47.8,48,48,,
2025-06-04,03:50 PM,FR,,FR,HCOB Services PMI Final MAY,,47.3,47.4,47.4,,
2025-06-04,03:55 PM,DE,,DE,HCOB Composite PMI Final MAY,,50.1,48.6,48.6,,
2025-06-04,03:55 PM,DE,,DE,HCOB Services PMI Final MAY,,49,47.2,47.2,,
2025-06-04,04:00 PM,EA,,EA,HCOB Composite PMI Final MAY,,50.4,49.5,49.5,,
2025-06-04,04:00 PM,EA,,EA,HCOB Services PMI Final MAY,,50.1,48.9,48.9,,
2025-06-04,04:30 PM,GB,,GB,S&P Global Composite PMI Final MAY,,48.5,49.4,49.4,,
2025-06-04,04:30 PM,GB,,GB,S&P Global Services PMI Final MAY,,49,50.2,50.2,,
2025-06-04,07:00 PM,US,,US,MBA 30-Year Mortgage Rate MAY/30,,,,,,
2025-06-04,07:00 PM,US,,US,MBA Mortgage Applications MAY/30,,,,,,
2025-06-04,07:00 PM,US,,US,MBA Mortgage Market Index MAY/30,,,,,,
2025-06-04,07:00 PM,US,,US,MBA Mortgage Refinance Index MAY/30,,,,,,
2025-06-04,07:00 PM,US,,US,MBA Purchase Index MAY/30,,,,,,
2025-06-04,07:10 PM,EU,,EU,3-Month Bill Auction,,,,,,
2025-06-04,07:10 PM,EU,,EU,6-Month Bill Auction,,,,,,
2025-06-04,08:00 PM,MX,,MX,Gross Fixed Investment MoM MAR,,0.1%,,-0.1%,,
2025-06-04,08:00 PM,MX,,MX,Gross Fixed Investment YoY MAR,,-7.8%,,1.4%,,
2025-06-04,08:15 PM,US,,US,ADP Employment Change MAY,,62K,,70.0K,,
2025-06-04,08:30 PM,CA,,CA,Labor Productivity QoQ Q1,,0.6%,,-0.1%,,
2025-06-04,09:00 PM,BR,,BR,S&P Global Services PMI MAY,,48.9,,49.7,,
2025-06-04,09:00 PM,BR,,BR,S&P Global Composite PMI MAY,,49.4,,50.2,,
2025-06-04,09:30 PM,CA,,CA,S&P Global Composite PMI MAY,,41.7,,43,,
2025-06-04,09:30 PM,CA,,CA,S&P Global Services PMI MAY,,41.5,,43,,
2025-06-04,09:45 PM,CA,,CA,BoC Interest Rate Decision,,2.75%,,2.75%,,
2025-06-04,09:45 PM,US,,US,S&P Global Composite PMI Final MAY,,50.6,52.1,52.1,,
2025-06-04,09:45 PM,US,,US,S&P Global Services PMI Final MAY,,50.8,52.3,52.3,,
2025-06-04,10:00 PM,US,,US,ISM Services PMI MAY,,51.6,,52,,
2025-06-04,10:00 PM,US,,US,ISM Services Business Activity MAY,,53.7,,54,,
2025-06-04,10:00 PM,US,,US,ISM Services Employment MAY,,49,,50,,
2025-06-04,10:00 PM,US,,US,ISM Services New Orders MAY,,52.3,,52.6,,
2025-06-04,10:00 PM,US,,US,ISM Services Prices MAY,,65.1,,,,
2025-06-04,10:30 PM,CA,,CA,BoC Press Conference,,,,,,
2025-06-04,10:30 PM,US,,US,EIA Crude Oil Stocks Change MAY/30,,,,,,
2025-06-04,10:30 PM,US,,US,EIA Gasoline Stocks Change MAY/30,,,,,,
2025-06-04,10:30 PM,US,,US,EIA Crude Oil Imports Change MAY/30,,,,,,
2025-06-04,10:30 PM,US,,US,EIA Cushing Crude Oil Stocks Change MAY/30,,,,,,
2025-06-04,10:30 PM,US,,US,EIA Distillate Fuel Production Change MAY/30,,,,,,
2025-06-04,10:30 PM,US,,US,EIA Distillate Stocks Change MAY/30,,,,,,
2025-06-04,10:30 PM,US,,US,EIA Gasoline Production Change MAY/30,,,,,,
2025-06-04,10:30 PM,US,,US,EIA Heating Oil Stocks Change MAY/30,,,,,,
2025-06-04,10:30 PM,US,,US,EIA Refinery Crude Runs Change MAY/30,,,,,,
2025-06-04,11:30 PM,US,,US,17-Week Bill Auction,,,,,,
2025-06-05,12:00 AM,RU,,RU,Unemployment Rate APR,,2.3%,,2.3%,,
2025-06-05,12:00 AM,RU,,RU,Business Confidence MAY,,1.9,,,,
2025-06-05,12:00 AM,RU,,RU,Corporate Profits MAR,,RUB5.4T,,RUB 9T,,
2025-06-05,12:00 AM,RU,,RU,Real Wage Growth YoY MAR,,3.2%,,5.0%,,
2025-06-05,12:00 AM,RU,,RU,Retail Sales YoY APR,,2.2%,,,,
2025-06-05,02:00 AM,US,,US,Fed Beige Book,,,,,,
2025-06-05,07:00 AM,KR,,KR,Current Account APR,,$9.14B,,$0.3B,,
2025-06-05,07:30 AM,JP,,JP,Average Cash Earnings YoY APR,,2.1%,,2.2%,,
2025-06-05,07:30 AM,JP,,JP,Overtime Pay YoY APR,,-1.1%,,0.2%,,
2025-06-05,07:50 AM,JP,,JP,Foreign Bond Investment MAY/31,,,,,,
2025-06-05,07:50 AM,JP,,JP,Stock Investment by Foreigners MAY/31,,,,,,
2025-06-05,09:30 AM,AU,,AU,Balance of Trade APR,,A$6.900,,$6.7B,,
2025-06-05,09:30 AM,AU,,AU,Exports MoM APR,,7.6%,,,,
2025-06-05,09:30 AM,AU,,AU,Imports MoM APR,,-2.2%,,,,
2025-06-05,09:45 AM,CN,,CN,Caixin Services PMI MAY,,50.7,,50.4,,
2025-06-05,09:45 AM,CN,,CN,Caixin Composite PMI MAY,,51.1,,50.7,,
2025-06-05,11:35 AM,JP,,JP,30-Year JGB Auction,,2.941%,,,,
2025-06-05,01:00 PM,SG,,SG,6-Month T-Bill Auction,,2.20%,,,,
2025-06-05,01:00 PM,SG,,SG,Retail Sales MoM APR,,-2.8%,,1.5%,,
2025-06-05,01:00 PM,SG,,SG,Retail Sales YoY APR,,1.1%,,1.8%,,
2025-06-05,02:00 PM,DE,,DE,Factory Orders MoM APR,,3.6%,,,,
2025-06-05,03:30 PM,EA,,EA,HCOB Construction PMI MAY,,46,,,,
2025-06-05,03:30 PM,FR,,FR,HCOB Construction PMI MAY,,43.6,,45.1,,
2025-06-05,03:30 PM,DE,,DE,HCOB Construction PMI MAY,,45.1,,,,
2025-06-05,03:30 PM,IT,,IT,HCOB Construction PMI MAY,,50.1,,,,
2025-06-05,04:00 PM,IT,,IT,Retail Sales MoM APR,,-0.5%,,,,
2025-06-05,04:00 PM,IT,,IT,Retail Sales YoY APR,,-2.8%,,,,
2025-06-05,04:00 PM,GB,,GB,New Car Sales YoY MAY,,-10.4%,,4.0%,,
2025-06-05,04:30 PM,GB,,GB,S&P Global Construction PMI MAY,,46.6,,50.4,,
2025-06-05,04:40 PM,ES,,ES,Bonos Auction,,,,,,
2025-06-05,04:40 PM,ES,,ES,Index-Linked Obligacion Auction,,,,,,
2025-06-05,04:40 PM,ES,,ES,Obligacion Auction,,,,,,
2025-06-05,05:00 PM,EA,,EA,PPI MoM APR,,-1.6%,,,,
2025-06-05,05:00 PM,EA,,EA,PPI YoY APR,,1.9%,,,,
2025-06-05,05:00 PM,FR,,FR,OAT Auction,,,,,,
2025-06-05,05:00 PM,ZA,,ZA,Current Account Q1,,ZAR-31.6B,,ZAR -85.0B,,
2025-06-05,06:00 PM,ZA,,ZA,Business Confidence Q2,,45,,40,,
2025-06-05,07:30 PM,TR,,TR,Foreign Exchange Reserves MAY/30,,,,,,
2025-06-05,07:30 PM,US,,US,Challenger Job Cuts MAY,,105.441K,,120.0K,,
2025-06-05,08:00 PM,MX,,MX,Consumer Confidence MAY,,45.3,,46.7,,
2025-06-05,08:15 PM,EA,,EA,Deposit Facility Rate,,2.25%,,2%,,
2025-06-05,08:15 PM,EA,,EA,ECB Interest Rate Decision,,2.40%,,2.15%,,
2025-06-05,08:15 PM,EA,,EA,Marginal Lending Rate,,2.65%,,2.4%,,
2025-06-05,08:30 PM,CA,,CA,Balance of Trade APR,,C$-0.51B,,C$0.1B,,
2025-06-05,08:30 PM,CA,,CA,Exports APR,,C$69.9B,,C$69.6B,,
2025-06-05,08:30 PM,CA,,CA,Imports APR,,C$70.4B,,C$69.5B,,
2025-06-05,08:30 PM,US,,US,Balance of Trade APR,,$-140.5B,,$-132.0B,,
2025-06-05,08:30 PM,US,,US,Exports APR,,$278.5B,,$267.0B,,
2025-06-05,08:30 PM,US,,US,Imports APR,,$419B,,$399.0B,,
2025-06-05,08:30 PM,US,,US,Initial Jobless Claims MAY/31,,,,,,
2025-06-05,08:30 PM,US,,US,Continuing Jobless Claims MAY/24,,,,,,
2025-06-05,08:30 PM,US,,US,Jobless Claims 4-week Average MAY/31,,,,,,
2025-06-05,08:30 PM,US,,US,Nonfarm Productivity QoQ Final Q1,,1.7%,-0.8%,-0.8%,,
2025-06-05,08:30 PM,US,,US,Unit Labour Costs QoQ Final Q1,,2%,5.7%,5.7%,,
2025-06-05,08:45 PM,EA,,EA,ECB Press Conference,,,,,,
2025-06-05,10:00 PM,CA,,CA,Ivey PMI s.a MAY,,47.9,,48.2,,
2025-06-05,10:30 PM,US,,US,EIA Natural Gas Stocks Change MAY/30,,,,,,
2025-06-05,11:30 PM,US,,US,4-Week Bill Auction,,,,,,
2025-06-05,11:30 PM,US,,US,8-Week Bill Auction,,,,,,
